year,hijri,subject,gender,level,location,value,,,,,,
2014,1435,__ ____,male,undergrad,local,0,,,,,,
2014,1435,__ ____,male,grad,local,0,,,,,,
2014,1435,__ ____,female,undergrad,local,0,,,,,,
2014,1435,__ ____,female,grad,local,0,,,,,,
2014,1435,____ ____,male,undergrad,local,9485,,,,,,
2014,1435,____ ____,male,grad,local,550,,,,,,
2014,1435,____ ____,female,undergrad,local,11254,,,,,,
2014,1435,____ ____,female,grad,local,214,,,,,,
2014,1435,_ __,male,undergrad,local,3562,,,,,,
2014,1435,_ __,male,grad,local,443,,,,,,
2014,1435,_ __,female,undergrad,local,8580,,,,,,
2014,1435,_ __,female,grad,local,663,,,,,,
2014,1435,_ __,male,undergrad,local,699,,,,,,
2014,1435,_ __,male,grad,local,5148,,,,,,
2014,1435,_ __,female,undergrad,local,237,,,,,,
2014,1435,_ __,female,grad,local,5305,,,,,,
2014,1435,_ʙ,male,undergrad,local,170,,,,,,
2014,1435,_ʙ,male,grad,local,13,,,,,,
2014,1435,_ʙ,female,undergrad,local,782,,,,,,
2014,1435,_ʙ,female,grad,local,19,,,,,,
2014,1435,____ ___ʙ_,male,undergrad,local,5510,,,,,,
2014,1435,____ ___ʙ_,male,grad,local,283,,,,,,
2014,1435,____ ___ʙ_,female,undergrad,local,16342,,,,,,
2014,1435,____ ___ʙ_,female,grad,local,314,,,,,,
2014,1435,__ __ș___ ___,male,undergrad,local,3419,,,,,,
2014,1435,__ __ș___ ___,male,grad,local,424,,,,,,
2014,1435,__ __ș___ ___,female,undergrad,local,6652,,,,,,
2014,1435,__ __ș___ ___,female,grad,local,398,,,,,,
2014,1435,___ ___,male,undergrad,local,3078,,,,,,
2014,1435,___ ___,male,grad,local,24,,,,,,
2014,1435,___ ___,female,undergrad,local,1046,,,,,,
2014,1435,___ ___,female,grad,local,21,,,,,,
2014,1435,___ ___ __,male,undergrad,local,14017,,,,,,
2014,1435,___ ___ __,male,grad,local,708,,,,,,
2014,1435,___ ___ __,female,undergrad,local,9050,,,,,,
2014,1435,___ ___ __,female,grad,local,262,,,,,,
2014,1435,__ʙ,male,undergrad,local,1258,,,,,,
2014,1435,__ʙ,male,grad,local,470,,,,,,
2014,1435,__ʙ,female,undergrad,local,1322,,,,,,
2014,1435,__ʙ,female,grad,local,24,,,,,,
2014,1435,_ ____,male,undergrad,local,1201,,,,,,
2014,1435,_ ____,male,grad,local,38,,,,,,
2014,1435,_ ____,female,undergrad,local,3198,,,,,,
2014,1435,_ ____,female,grad,local,79,,,,,,
2014,1435,__ _______,male,undergrad,local,1987,,,,,,
2014,1435,__ _______,male,grad,local,66,,,,,,
2014,1435,__ _______,female,undergrad,local,4296,,,,,,
2014,1435,__ _______,female,grad,local,111,,,,,,
2014,1435,______ ___,male,undergrad,local,1595,,,,,,
2014,1435,______ ___,male,grad,local,41,,,,,,
2014,1435,______ ___,female,undergrad,local,2987,,,,,,
2014,1435,______ ___,female,grad,local,38,,,,,,
2014,1435,___ș_,male,undergrad,local,2399,,,,,,
2014,1435,___ș_,male,grad,local,83,,,,,,
2014,1435,___ș_,female,undergrad,local,3264,,,,,,
2014,1435,___ș_,female,grad,local,71,,,,,,
2014,1435,__ ____ ___,male,undergrad,local,3989,,,,,,
2014,1435,__ ____ ___,male,grad,local,116,,,,,,
2014,1435,__ ____ ___,female,undergrad,local,185,,,,,,
2014,1435,__ ____ ___,female,grad,local,0,,,,,,
2014,1435,____ ___ ____,male,undergrad,local,0,,,,,,
2014,1435,____ ___ ____,male,grad,local,0,,,,,,
2014,1435,____ ___ ____,female,undergrad,local,266,,,,,,
2014,1435,____ ___ ____,female,grad,local,13,,,,,,
2014,1435,__ ____ __,male,undergrad,local,1350,,,,,,
2014,1435,__ ____ __,male,grad,local,44,,,,,,
2014,1435,__ ____ __,female,undergrad,local,157,,,,,,
2014,1435,__ ____ __,female,grad,local,5,,,,,,
2014,1435,____ ___ _ ___,male,undergrad,local,165,,,,,,
2014,1435,____ ___ _ ___,male,grad,local,20,,,,,,
2014,1435,____ ___ _ ___,female,undergrad,local,97,,,,,,
2014,1435,____ ___ _ ___,female,grad,local,0,,,,,,
2014,1435,_ ___,male,undergrad,local,58,,,,,,
2014,1435,_ ___,male,grad,local,4,,,,,,
2014,1435,_ ___,female,undergrad,local,0,,,,,,
2014,1435,_ ___,female,grad,local,0,,,,,,
2014,1435,__,male,undergrad,local,4081,,,,,,
2014,1435,__,male,grad,local,133,,,,,,
2014,1435,__,female,undergrad,local,4869,,,,,,
2014,1435,__,female,grad,local,119,,,,,,
2014,1435,__ __ș___,male,undergrad,local,143,,,,,,
2014,1435,__ __ș___,male,grad,local,97,,,,,,
2014,1435,__ __ș___,female,undergrad,local,209,,,,,,
2014,1435,__ __ș___,female,grad,local,183,,,,,,
2014,1435,__ __,male,undergrad,local,234,,,,,,
2014,1435,__ __,male,grad,local,0,,,,,,
2014,1435,__ __,female,undergrad,local,587,,,,,,
2014,1435,__ __,female,grad,local,2,,,,,,
2014,1435,_ _ʙ,male,undergrad,local,10,,,,,,
2014,1435,_ _ʙ,male,grad,local,0,,,,,,
2014,1435,_ _ʙ,female,undergrad,local,0,,,,,,
2014,1435,_ _ʙ,female,grad,local,0,,,,,,
2014,1435,___ ___,male,undergrad,local,36,,,,,,
2014,1435,___ ___,male,grad,local,34,,,,,,
2014,1435,___ ___,female,undergrad,local,7,,,,,,
2014,1435,___ ___,female,grad,local,0,,,,,,
2014,1435,,male,undergrad,local,0,,,,,,
2014,1435,,male,grad,local,0,,,,,,
2014,1435,,female,undergrad,local,0,,,,,,
2014,1435,,female,grad,local,0,,,,,,
2014,1435,噃__ ____ ___ ____ _ _,male,undergrad,local,58446,,,,,,
2014,1435,噃__ ____ ___ ____ _ _,male,grad,local,8739,,,,,,
2014,1435,噃__ ____ ___ ____ _ _,female,undergrad,local,75387,,,,,,
2014,1435,噃__ ____ ___ ____ _ _,female,grad,local,7841,,,,,,
2013,1434,__ ____,male,undergrad,local,0,,,,,,
2013,1434,__ ____,male,grad,local,0,,,,,,
2013,1434,__ ____,female,undergrad,local,0,,,,,,
2013,1434,__ ____,female,grad,local,0,,,,,,
2013,1434,____ ____,male,undergrad,local,6942,,,,,,
2013,1434,____ ____,male,grad,local,549,,,,,,
2013,1434,____ ____,female,undergrad,local,9277,,,,,,
2013,1434,____ ____,female,grad,local,149,,,,,,
2013,1434,_ __,male,undergrad,local,2546,,,,,,
2013,1434,_ __,male,grad,local,314,,,,,,
2013,1434,_ __,female,undergrad,local,5253,,,,,,
2013,1434,_ __,female,grad,local,114,,,,,,
2013,1434,_ __,male,undergrad,local,458,,,,,,
2013,1434,_ __,male,grad,local,4735,,,,,,
2013,1434,_ __,female,undergrad,local,14,,,,,,
2013,1434,_ __,female,grad,local,2902,,,,,,
2013,1434,_ʙ,male,undergrad,local,117,,,,,,
2013,1434,_ʙ,male,grad,local,7,,,,,,
2013,1434,_ʙ,female,undergrad,local,612,,,,,,
2013,1434,_ʙ,female,grad,local,29,,,,,,
2013,1434,____ ___ʙ_,male,undergrad,local,3908,,,,,,
2013,1434,____ ___ʙ_,male,grad,local,263,,,,,,
2013,1434,____ ___ʙ_,female,undergrad,local,13849,,,,,,
2013,1434,____ ___ʙ_,female,grad,local,166,,,,,,
2013,1434,__ __ș___ ___,male,undergrad,local,2218,,,,,,
2013,1434,__ __ș___ ___,male,grad,local,275,,,,,,
2013,1434,__ __ș___ ___,female,undergrad,local,6178,,,,,,
2013,1434,__ __ș___ ___,female,grad,local,249,,,,,,
2013,1434,___ ___,male,undergrad,local,1675,,,,,,
2013,1434,___ ___,male,grad,local,11,,,,,,
2013,1434,___ ___,female,undergrad,local,1035,,,,,,
2013,1434,___ ___,female,grad,local,26,,,,,,
2013,1434,___ ___ __,male,undergrad,local,10108,,,,,,
2013,1434,___ ___ __,male,grad,local,451,,,,,,
2013,1434,___ ___ __,female,undergrad,local,7086,,,,,,
2013,1434,___ ___ __,female,grad,local,274,,,,,,
2013,1434,__ʙ,male,undergrad,local,872,,,,,,
2013,1434,__ʙ,male,grad,local,296,,,,,,
2013,1434,__ʙ,female,undergrad,local,659,,,,,,
2013,1434,__ʙ,female,grad,local,19,,,,,,
2013,1434,_ ____,male,undergrad,local,815,,,,,,
2013,1434,_ ____,male,grad,local,39,,,,,,
2013,1434,_ ____,female,undergrad,local,2586,,,,,,
2013,1434,_ ____,female,grad,local,89,,,,,,
2013,1434,__ _______,male,undergrad,local,1486,,,,,,
2013,1434,__ _______,male,grad,local,123,,,,,,
2013,1434,__ _______,female,undergrad,local,3864,,,,,,
2013,1434,__ _______,female,grad,local,116,,,,,,
2013,1434,______ ___,male,undergrad,local,1084,,,,,,
2013,1434,______ ___,male,grad,local,25,,,,,,
2013,1434,______ ___,female,undergrad,local,2923,,,,,,
2013,1434,______ ___,female,grad,local,55,,,,,,
2013,1434,___ș_,male,undergrad,local,2571,,,,,,
2013,1434,___ș_,male,grad,local,91,,,,,,
2013,1434,___ș_,female,undergrad,local,3126,,,,,,
2013,1434,___ș_,female,grad,local,74,,,,,,
2013,1434,__ ____ ___,male,undergrad,local,3915,,,,,,
2013,1434,__ ____ ___,male,grad,local,93,,,,,,
2013,1434,__ ____ ___,female,undergrad,local,85,,,,,,
2013,1434,__ ____ ___,female,grad,local,0,,,,,,
2013,1434,____ ___ ____,male,undergrad,local,41,,,,,,
2013,1434,____ ___ ____,male,grad,local,0,,,,,,
2013,1434,____ ___ ____,female,undergrad,local,170,,,,,,
2013,1434,____ ___ ____,female,grad,local,2,,,,,,
2013,1434,__ ____ __,male,undergrad,local,1147,,,,,,
2013,1434,__ ____ __,male,grad,local,67,,,,,,
2013,1434,__ ____ __,female,undergrad,local,276,,,,,,
2013,1434,__ ____ __,female,grad,local,5,,,,,,
2013,1434,____ ___ _ ___,male,undergrad,local,220,,,,,,
2013,1434,____ ___ _ ___,male,grad,local,22,,,,,,
2013,1434,____ ___ _ ___,female,undergrad,local,140,,,,,,
2013,1434,____ ___ _ ___,female,grad,local,0,,,,,,
2013,1434,_ ___,male,undergrad,local,71,,,,,,
2013,1434,_ ___,male,grad,local,5,,,,,,
2013,1434,_ ___,female,undergrad,local,0,,,,,,
2013,1434,_ ___,female,grad,local,0,,,,,,
2013,1434,__,male,undergrad,local,3935,,,,,,
2013,1434,__,male,grad,local,115,,,,,,
2013,1434,__,female,undergrad,local,4137,,,,,,
2013,1434,__,female,grad,local,169,,,,,,
2013,1434,__ __ș___,male,undergrad,local,192,,,,,,
2013,1434,__ __ș___,male,grad,local,55,,,,,,
2013,1434,__ __ș___,female,undergrad,local,486,,,,,,
2013,1434,__ __ș___,female,grad,local,60,,,,,,
2013,1434,__ __,male,undergrad,local,113,,,,,,
2013,1434,__ __,male,grad,local,0,,,,,,
2013,1434,__ __,female,undergrad,local,206,,,,,,
2013,1434,__ __,female,grad,local,2,,,,,,
2013,1434,_ _ʙ,male,undergrad,local,23,,,,,,
2013,1434,_ _ʙ,male,grad,local,0,,,,,,
2013,1434,_ _ʙ,female,undergrad,local,0,,,,,,
2013,1434,_ _ʙ,female,grad,local,0,,,,,,
2013,1434,___ ___,male,undergrad,local,67,,,,,,
2013,1434,___ ___,male,grad,local,22,,,,,,
2013,1434,___ ___,female,undergrad,local,1,,,,,,
2013,1434,___ ___,female,grad,local,1,,,,,,
2013,1434,,male,undergrad,local,0,,,,,,
2013,1434,,male,grad,local,0,,,,,,
2013,1434,,female,undergrad,local,0,,,,,,
2013,1434,,female,grad,local,0,,,,,,
2013,1434,噃__ ____ ___ ____ _ _,male,undergrad,local,44524,,,,,,
2013,1434,噃__ ____ ___ ____ _ _,male,grad,local,7558,,,,,,
2013,1434,噃__ ____ ___ ____ _ _,female,undergrad,local,61963,,,,,,
2013,1434,噃__ ____ ___ ____ _ _,female,grad,local,4501,,,,,,
2012,1433,,male,undergrad,local,0,,,,,,
2012,1433,,female,undergrad,local,0,,,,,,
2012,1433,____ ____,male,undergrad,local,6127,,,,,,
2012,1433,____ ____,female,undergrad,local,10762,,,,,,
2012,1433,_ __,male,undergrad,local,1291,,,,,,
2012,1433,_ __,female,undergrad,local,3242,,,,,,
2012,1433,_ __,male,undergrad,local,461,,,,,,
2012,1433,_ __,female,undergrad,local,267,,,,,,
2012,1433,_ʙ,male,undergrad,local,118,,,,,,
2012,1433,_ʙ,female,undergrad,local,765,,,,,,
2012,1433,____ ___ʙ_,male,undergrad,local,4252,,,,,,
2012,1433,____ ___ʙ_,female,undergrad,local,15014,,,,,,
2012,1433,__ __ș___ ___,male,undergrad,local,1828,,,,,,
2012,1433,__ __ș___ ___,female,undergrad,local,6781,,,,,,
2012,1433,___ ___,male,undergrad,local,1821,,,,,,
2012,1433,___ ___,female,undergrad,local,1282,,,,,,
2012,1433,___ ___ __,male,undergrad,local,7495,,,,,,
2012,1433,___ ___ __,female,undergrad,local,4673,,,,,,
2012,1433,__ʙ,male,undergrad,local,679,,,,,,
2012,1433,__ʙ,female,undergrad,local,448,,,,,,
2012,1433,_ ____,male,undergrad,local,567,,,,,,
2012,1433,_ ____,female,undergrad,local,2614,,,,,,
2012,1433,__ _______,male,undergrad,local,1490,,,,,,
2012,1433,__ _______,female,undergrad,local,4440,,,,,,
2012,1433,______ ___,male,undergrad,local,1138,,,,,,
2012,1433,______ ___,female,undergrad,local,3069,,,,,,
2012,1433,___ș_,male,undergrad,local,2456,,,,,,
2012,1433,___ș_,female,undergrad,local,2446,,,,,,
2012,1433,__ ____ ___,male,undergrad,local,3642,,,,,,
2012,1433,__ ____ ___,female,undergrad,local,31,,,,,,
2012,1433,____ ___ ____,male,undergrad,local,33,,,,,,
2012,1433,____ ___ ____,female,undergrad,local,282,,,,,,
2012,1433,__ ____ __,male,undergrad,local,893,,,,,,
2012,1433,__ ____ __,female,undergrad,local,102,,,,,,
2012,1433,____ ___ _ ___,male,undergrad,local,190,,,,,,
2012,1433,____ ___ _ ___,female,undergrad,local,134,,,,,,
2012,1433,_ ___,male,undergrad,local,66,,,,,,
2012,1433,_ ___,female,undergrad,local,0,,,,,,
2012,1433,__ ,male,undergrad,local,2862,,,,,,
2012,1433,__ ,female,undergrad,local,3143,,,,,,
2012,1433,__ __ș___,male,undergrad,local,318,,,,,,
2012,1433,__ __ș___,female,undergrad,local,511,,,,,,
2012,1433,__ __,male,undergrad,local,190,,,,,,
2012,1433,__ __,female,undergrad,local,306,,,,,,
2012,1433,_ _ʙ,male,undergrad,local,8,,,,,,
2012,1433,_ _ʙ,female,undergrad,local,0,,,,,,
2012,1433,___ ___,male,undergrad,local,118,,,,,,
2012,1433,___ ___,female,undergrad,local,107,,,,,,
2012,1433,,male,undergrad,local,0,,,,,,
2012,1433,,female,undergrad,local,0,,,,,,
2012,1433,噃__ 噃__ ____ ___ ____ _ _,male,undergrad,local,38043,,,,,,
2012,1433,噃__ 噃__ ____ ___ ____ _ _,female,undergrad,local,60419,,,,,,
2012,1433,,male,grad,local,0,,,,,,
2012,1433,,female,grad,local,0,,,,,,
2012,1433,____ ____,male,grad,local,0,,,,,,
2012,1433,____ ____,female,grad,local,0,,,,,,
2012,1433,_ __,male,grad,local,0,,,,,,
2012,1433,_ __,female,grad,local,0,,,,,,
2012,1433,_ __,male,grad,local,0,,,,,,
2012,1433,_ __,female,grad,local,0,,,,,,
2012,1433,_ʙ,male,grad,local,0,,,,,,
2012,1433,_ʙ,female,grad,local,0,,,,,,
2012,1433,____ ___ʙ_,male,grad,local,0,,,,,,
2012,1433,____ ___ʙ_,female,grad,local,0,,,,,,
2012,1433,__ __ș___ ___,male,grad,local,0,,,,,,
2012,1433,__ __ș___ ___,female,grad,local,0,,,,,,
2012,1433,___ ___,male,grad,local,0,,,,,,
2012,1433,___ ___,female,grad,local,0,,,,,,
2012,1433,___ ___ __,male,grad,local,81,,,,,,
2012,1433,___ ___ __,female,grad,local,0,,,,,,
2012,1433,__ʙ,male,grad,local,0,,,,,,
2012,1433,__ʙ,female,grad,local,0,,,,,,
2012,1433,_ ____,male,grad,local,0,,,,,,
2012,1433,_ ____,female,grad,local,0,,,,,,
2012,1433,__ _______,male,grad,local,0,,,,,,
2012,1433,__ _______,female,grad,local,0,,,,,,
2012,1433,______ ___,male,grad,local,0,,,,,,
2012,1433,______ ___,female,grad,local,0,,,,,,
2012,1433,___ș_,male,grad,local,0,,,,,,
2012,1433,___ș_,female,grad,local,0,,,,,,
2012,1433,__ ____ ___,male,grad,local,0,,,,,,
2012,1433,__ ____ ___,female,grad,local,0,,,,,,
2012,1433,____ ___ ____,male,grad,local,0,,,,,,
2012,1433,____ ___ ____,female,grad,local,0,,,,,,
2012,1433,__ ____ __,male,grad,local,0,,,,,,
2012,1433,__ ____ __,female,grad,local,0,,,,,,
2012,1433,____ ___ _ ___,male,grad,local,0,,,,,,
2012,1433,____ ___ _ ___,female,grad,local,0,,,,,,
2012,1433,_ ___,male,grad,local,0,,,,,,
2012,1433,_ ___,female,grad,local,0,,,,,,
2012,1433,__ ,male,grad,local,0,,,,,,
2012,1433,__ ,female,grad,local,0,,,,,,
2012,1433,__ __ș___,male,grad,local,0,,,,,,
2012,1433,__ __ș___,female,grad,local,0,,,,,,
2012,1433,__ __,male,grad,local,0,,,,,,
2012,1433,__ __,female,grad,local,0,,,,,,
2012,1433,_ _ʙ,male,grad,local,0,,,,,,
2012,1433,_ _ʙ,female,grad,local,0,,,,,,
2012,1433,___ ___,male,grad,local,0,,,,,,
2012,1433,___ ___,female,grad,local,0,,,,,,
2012,1433,,male,grad,local,0,,,,,,
2012,1433,,female,grad,local,0,,,,,,
2012,1433,噃__ ____ ___ ____ _,male,grad,local,81,,,,,,
2012,1433,噃__ ____ ___ ____ _,female,grad,local,0,,,,,,
2012,1433,__ _____,male,grad,local,0,,,,,,
2012,1433,__ _____,female,grad,local,0,,,,,,
2012,1433,____ ____,male,grad,local,334,,,,,,
2012,1433,____ ____,female,grad,local,160,,,,,,
2012,1433,_ __,male,grad,local,250,,,,,,
2012,1433,_ __,female,grad,local,573,,,,,,
2012,1433,_ __,male,grad,local,2603,,,,,,
2012,1433,_ __,female,grad,local,1345,,,,,,
2012,1433,_ʙ,male,grad,local,15,,,,,,
2012,1433,_ʙ,female,grad,local,30,,,,,,
2012,1433,____ ___ʙ_,male,grad,local,271,,,,,,
2012,1433,____ ___ʙ_,female,grad,local,188,,,,,,
2012,1433,__ __ș___ ___,male,grad,local,202,,,,,,
2012,1433,__ __ș___ ___,female,grad,local,159,,,,,,
2012,1433,___ ___,male,grad,local,84,,,,,,
2012,1433,___ ___,female,grad,local,6,,,,,,
2012,1433,___ ___ __,male,grad,local,638,,,,,,
2012,1433,___ ___ __,female,grad,local,219,,,,,,
2012,1433,__ʙ,male,grad,local,246,,,,,,
2012,1433,__ʙ,female,grad,local,6,,,,,,
2012,1433,_ ____,male,grad,local,30,,,,,,
2012,1433,_ ____,female,grad,local,68,,,,,,
2012,1433,__ _______,male,grad,local,101,,,,,,
2012,1433,__ _______,female,grad,local,100,,,,,,
2012,1433,______ ___,male,grad,local,29,,,,,,
2012,1433,______ ___,female,grad,local,50,,,,,,
2012,1433,___ș_,male,grad,local,23,,,,,,
2012,1433,___ș_,female,grad,local,48,,,,,,
2012,1433,__ ____ ___,male,grad,local,50,,,,,,
2012,1433,__ ____ ___,female,grad,local,2,,,,,,
2012,1433,____ ___ ____,male,grad,local,0,,,,,,
2012,1433,____ ___ ____,female,grad,local,2,,,,,,
2012,1433,__ ____ __,male,grad,local,25,,,,,,
2012,1433,__ ____ __,female,grad,local,4,,,,,,
2012,1433,____ ___ _ ___,male,grad,local,17,,,,,,
2012,1433,____ ___ _ ___,female,grad,local,0,,,,,,
2012,1433,_ ___,male,grad,local,14,,,,,,
2012,1433,_ ___,female,grad,local,0,,,,,,
2012,1433,__ ,male,grad,local,223,,,,,,
2012,1433,__ ,female,grad,local,150,,,,,,
2012,1433,__ __ș___,male,grad,local,19,,,,,,
2012,1433,__ __ș___,female,grad,local,18,,,,,,
2012,1433,__ __,male,grad,local,0,,,,,,
2012,1433,__ __,female,grad,local,0,,,,,,
2012,1433,_ _ʙ,male,grad,local,0,,,,,,
2012,1433,_ _ʙ,female,grad,local,0,,,,,,
2012,1433,___ ___,male,grad,local,19,,,,,,
2012,1433,___ ___,female,grad,local,0,,,,,,
2012,1433,,male,grad,local,0,,,,,,
2012,1433,,female,grad,local,0,,,,,,
2012,1433,噃__ ____ ___ ____ _ _,male,grad,local,5193,,,,,,
2012,1433,噃__ ____ ___ ____ _ _,female,grad,local,3128,,,,,,
2011,1432,,male,undergrad,local,0,,,,,,
2011,1432,,female,undergrad,local,0,,,,,,
2011,1432,____ ____,male,undergrad,local,4094,,,,,,
2011,1432,____ ____,female,undergrad,local,10623,,,,,,
2011,1432,_ __,male,undergrad,local,2407,,,,,,
2011,1432,_ __,female,undergrad,local,3393,,,,,,
2011,1432,_ __,male,undergrad,local,306,,,,,,
2011,1432,_ __,female,undergrad,local,395,,,,,,
2011,1432,_ʙ,male,undergrad,local,105,,,,,,
2011,1432,_ʙ,female,undergrad,local,697,,,,,,
2011,1432,____ ___ʙ_,male,undergrad,local,3545,,,,,,
2011,1432,____ ___ʙ_,female,undergrad,local,15844,,,,,,
2011,1432,__ __ș___ ___,male,undergrad,local,1586,,,,,,
2011,1432,__ __ș___ ___,female,undergrad,local,6896,,,,,,
2011,1432,___ ___,male,undergrad,local,627,,,,,,
2011,1432,___ ___,female,undergrad,local,710,,,,,,
2011,1432,___ ___ __,male,undergrad,local,4824,,,,,,
2011,1432,___ ___ __,female,undergrad,local,3307,,,,,,
2011,1432,__ʙ,male,undergrad,local,554,,,,,,
2011,1432,__ʙ,female,undergrad,local,268,,,,,,
2011,1432,_ ____,male,undergrad,local,630,,,,,,
2011,1432,_ ____,female,undergrad,local,2865,,,,,,
2011,1432,__ _______,male,undergrad,local,1280,,,,,,
2011,1432,__ _______,female,undergrad,local,4474,,,,,,
2011,1432,______ ___,male,undergrad,local,1046,,,,,,
2011,1432,______ ___,female,undergrad,local,3260,,,,,,
2011,1432,___ș_,male,undergrad,local,2592,,,,,,
2011,1432,___ș_,female,undergrad,local,2056,,,,,,
2011,1432,__ ____ ___,male,undergrad,local,2717,,,,,,
2011,1432,__ ____ ___,female,undergrad,local,9,,,,,,
2011,1432,____ ___ ____,male,undergrad,local,0,,,,,,
2011,1432,____ ___ ____,female,undergrad,local,169,,,,,,
2011,1432,__ ____ __,male,undergrad,local,954,,,,,,
2011,1432,__ ____ __,female,undergrad,local,71,,,,,,
2011,1432,____ ___ _ ___,male,undergrad,local,179,,,,,,
2011,1432,____ ___ _ ___,female,undergrad,local,35,,,,,,
2011,1432,_ ___,male,undergrad,local,65,,,,,,
2011,1432,_ ___,female,undergrad,local,0,,,,,,
2011,1432,__ ,male,undergrad,local,2371,,,,,,
2011,1432,__ ,female,undergrad,local,2587,,,,,,
2011,1432,__ __ș___,male,undergrad,local,13,,,,,,
2011,1432,__ __ș___,female,undergrad,local,145,,,,,,
2011,1432,__ __,male,undergrad,local,141,,,,,,
2011,1432,__ __,female,undergrad,local,241,,,,,,
2011,1432,_ _ʙ,male,undergrad,local,8,,,,,,
2011,1432,_ _ʙ,female,undergrad,local,0,,,,,,
2011,1432,___ ___,male,undergrad,local,9,,,,,,
2011,1432,___ ___,female,undergrad,local,14,,,,,,
2011,1432,,male,undergrad,local,0,,,,,,
2011,1432,,female,undergrad,local,0,,,,,,
2011,1432,噃__ ____ ___ ____ _ _,male,undergrad,local,30053,,,,,,
2011,1432,噃__ ____ ___ ____ _ _,female,undergrad,local,58059,,,,,,
2011,1432,,male,grad,local,0,,,,,,
2011,1432,,female,grad,local,0,,,,,,
2011,1432,____ ____,male,grad,local,457,,,,,,
2011,1432,____ ____,female,grad,local,150,,,,,,
2011,1432,_ __,male,grad,local,110,,,,,,
2011,1432,_ __,female,grad,local,245,,,,,,
2011,1432,_ __,male,grad,local,2025,,,,,,
2011,1432,_ __,female,grad,local,1717,,,,,,
2011,1432,_ʙ,male,grad,local,18,,,,,,
2011,1432,_ʙ,female,grad,local,31,,,,,,
2011,1432,____ ___ʙ_,male,grad,local,252,,,,,,
2011,1432,____ ___ʙ_,female,grad,local,245,,,,,,
2011,1432,__ __ș___ ___,male,grad,local,165,,,,,,
2011,1432,__ __ș___ ___,female,grad,local,223,,,,,,
2011,1432,___ ___,male,grad,local,14,,,,,,
2011,1432,___ ___,female,grad,local,16,,,,,,
2011,1432,___ ___ __,male,grad,local,504,,,,,,
2011,1432,___ ___ __,female,grad,local,156,,,,,,
2011,1432,__ʙ,male,grad,local,119,,,,,,
2011,1432,__ʙ,female,grad,local,0,,,,,,
2011,1432,_ ____,male,grad,local,26,,,,,,
2011,1432,_ ____,female,grad,local,43,,,,,,
2011,1432,__ _______,male,grad,local,81,,,,,,
2011,1432,__ _______,female,grad,local,134,,,,,,
2011,1432,______ ___,male,grad,local,18,,,,,,
2011,1432,______ ___,female,grad,local,84,,,,,,
2011,1432,___ș_,male,grad,local,26,,,,,,
2011,1432,___ș_,female,grad,local,73,,,,,,
2011,1432,__ ____ ___,male,grad,local,32,,,,,,
2011,1432,__ ____ ___,female,grad,local,2,,,,,,
2011,1432,____ ___ ____,male,grad,local,0,,,,,,
2011,1432,____ ___ ____,female,grad,local,4,,,,,,
2011,1432,__ ____ __,male,grad,local,28,,,,,,
2011,1432,__ ____ __,female,grad,local,5,,,,,,
2011,1432,____ ___ _ ___,male,grad,local,16,,,,,,
2011,1432,____ ___ _ ___,female,grad,local,0,,,,,,
2011,1432,_ ___,male,grad,local,3,,,,,,
2011,1432,_ ___,female,grad,local,0,,,,,,
2011,1432,__ ,male,grad,local,121,,,,,,
2011,1432,__ ,female,grad,local,144,,,,,,
2011,1432,__ __ș___,male,grad,local,5,,,,,,
2011,1432,__ __ș___,female,grad,local,5,,,,,,
2011,1432,__ __,male,grad,local,1,,,,,,
2011,1432,__ __,female,grad,local,8,,,,,,
2011,1432,_ _ʙ,male,grad,local,0,,,,,,
2011,1432,_ _ʙ,female,grad,local,0,,,,,,
2011,1432,___ ___,male,grad,local,0,,,,,,
2011,1432,___ ___,female,grad,local,0,,,,,,
2011,1432,,male,grad,local,0,,,,,,
2011,1432,,female,grad,local,0,,,,,,
2011,1432,噃__ ____ ___ ____ _ _ ,male,grad,local,4021,,,,,,
2011,1432,噃__ ____ ___ ____ _ _ ,female,grad,local,3285,,,,,,
2010,1431,,male,undergrad,local,0,,,,,,
2010,1431,,female,undergrad,local,0,,,,,,
2010,1431,____ ____,male,undergrad,local,3467,,,,,,
2010,1431,____ ____,female,undergrad,local,8947,,,,,,
2010,1431,_ __,male,undergrad,local,2923,,,,,,
2010,1431,_ __,female,undergrad,local,4639,,,,,,
2010,1431,_ __,male,undergrad,local,238,,,,,,
2010,1431,_ __,female,undergrad,local,2819,,,,,,
2010,1431,_ʙ,male,undergrad,local,79,,,,,,
2010,1431,_ʙ,female,undergrad,local,1271,,,,,,
2010,1431,____ ___ʙ_,male,undergrad,local,3858,,,,,,
2010,1431,____ ___ʙ_,female,undergrad,local,13700,,,,,,
2010,1431,__ __ș___ ___,male,undergrad,local,1394,,,,,,
2010,1431,__ __ș___ ___,female,undergrad,local,6013,,,,,,
2010,1431,___ ____,male,undergrad,local,540,,,,,,
2010,1431,___ ____,female,undergrad,local,608,,,,,,
2010,1431,___ ___ __,male,undergrad,local,4227,,,,,,
2010,1431,___ ___ __,female,undergrad,local,2862,,,,,,
2010,1431,__ʙ,male,undergrad,local,445,,,,,,
2010,1431,__ʙ,female,undergrad,local,213,,,,,,
2010,1431,_ ____,male,undergrad,local,476,,,,,,
2010,1431,_ ____,female,undergrad,local,2853,,,,,,
2010,1431,__ _______,male,undergrad,local,1210,,,,,,
2010,1431,__ _______,female,undergrad,local,3908,,,,,,
2010,1431,______ ___,male,undergrad,local,720,,,,,,
2010,1431,______ ___,female,undergrad,local,2967,,,,,,
2010,1431,___ș_,male,undergrad,local,1844,,,,,,
2010,1431,___ș_,female,undergrad,local,2062,,,,,,
2010,1431,__ ____ ___,male,undergrad,local,2351,,,,,,
2010,1431,__ ____ ___,female,undergrad,local,0,,,,,,
2010,1431,____ ___ ____,male,undergrad,local,0,,,,,,
2010,1431,____ ___ ____,female,undergrad,local,246,,,,,,
2010,1431,__ ____ __,male,undergrad,local,756,,,,,,
2010,1431,__ ____ __,female,undergrad,local,9,,,,,,
2010,1431,____ ___ _ ___,male,undergrad,local,176,,,,,,
2010,1431,____ ___ _ ___,female,undergrad,local,0,,,,,,
2010,1431,_ ___,male,undergrad,local,42,,,,,,
2010,1431,_ ___,female,undergrad,local,0,,,,,,
2010,1431,__ ,male,undergrad,local,1600,,,,,,
2010,1431,__ ,female,undergrad,local,2390,,,,,,
2010,1431,__ __ș___,male,undergrad,local,63,,,,,,
2010,1431,__ __ș___,female,undergrad,local,658,,,,,,
2010,1431,__ __,male,undergrad,local,117,,,,,,
2010,1431,__ __,female,undergrad,local,547,,,,,,
2010,1431,_ _ʙ,male,undergrad,local,11,,,,,,
2010,1431,_ _ʙ,female,undergrad,local,0,,,,,,
2010,1431,___ ___,male,undergrad,local,6,,,,,,
2010,1431,___ ___,female,undergrad,local,0,,,,,,
2010,1431,,male,undergrad,local,0,,,,,,
2010,1431,,female,undergrad,local,0,,,,,,
2010,1431,噃__ ____ ___ ____,male,undergrad,local,26543,,,,,,
2010,1431,噃__ ____ ___ ____,female,undergrad,local,56712,,,,,,
2010,1431,,male,grad,local,0,,,,,,
2010,1431,,female,grad,local,0,,,,,,
2010,1431,____ ____,male,grad,local,366,,,,,,
2010,1431,____ ____,female,grad,local,119,,,,,,
2010,1431,_ __,male,grad,local,36,,,,,,
2010,1431,_ __,female,grad,local,24,,,,,,
2010,1431,_ __,male,grad,local,833,,,,,,
2010,1431,_ __,female,grad,local,509,,,,,,
2010,1431,_ʙ,male,grad,local,12,,,,,,
2010,1431,_ʙ,female,grad,local,30,,,,,,
2010,1431,____ ___ʙ_,male,grad,local,97,,,,,,
2010,1431,____ ___ʙ_,female,grad,local,193,,,,,,
2010,1431,__ __ș___ ___,male,grad,local,97,,,,,,
2010,1431,__ __ș___ ___,female,grad,local,103,,,,,,
2010,1431,___ ___,male,grad,local,7,,,,,,
2010,1431,___ ___,female,grad,local,16,,,,,,
2010,1431,___ ___ __,male,grad,local,183,,,,,,
2010,1431,___ ___ __,female,grad,local,72,,,,,,
2010,1431,__ʙ,male,grad,local,163,,,,,,
2010,1431,__ʙ,female,grad,local,0,,,,,,
2010,1431,_ ____,male,grad,local,43,,,,,,
2010,1431,_ ____,female,grad,local,75,,,,,,
2010,1431,__ _______,male,grad,local,28,,,,,,
2010,1431,__ _______,female,grad,local,59,,,,,,
2010,1431,______ ___,male,grad,local,10,,,,,,
2010,1431,______ ___,female,grad,local,51,,,,,,
2010,1431,___ș_,male,grad,local,18,,,,,,
2010,1431,___ș_,female,grad,local,15,,,,,,
2010,1431,__ ____ ___,male,grad,local,47,,,,,,
2010,1431,__ ____ ___,female,grad,local,0,,,,,,
2010,1431,____ ___ ____,male,grad,local,0,,,,,,
2010,1431,____ ___ ____,female,grad,local,3,,,,,,
2010,1431,__ ____ __,male,grad,local,56,,,,,,
2010,1431,__ ____ __,female,grad,local,1,,,,,,
2010,1431,____ ___ _ ___,male,grad,local,18,,,,,,
2010,1431,____ ___ _ ___,female,grad,local,0,,,,,,
2010,1431,_ ___,male,grad,local,10,,,,,,
2010,1431,_ ___,female,grad,local,0,,,,,,
2010,1431,__ ,male,grad,local,127,,,,,,
2010,1431,__ ,female,grad,local,131,,,,,,
2010,1431,__ __ș___,male,grad,local,63,,,,,,
2010,1431,__ __ș___,female,grad,local,23,,,,,,
2010,1431,__ __,male,grad,local,0,,,,,,
2010,1431,__ __,female,grad,local,3,,,,,,
2010,1431,_ _ʙ,male,grad,local,0,,,,,,
2010,1431,_ _ʙ,female,grad,local,0,,,,,,
2010,1431,___ ___,male,grad,local,0,,,,,,
2010,1431,___ ___,female,grad,local,1,,,,,,
2010,1431,,male,grad,local,0,,,,,,
2010,1431,,female,grad,local,0,,,,,,
2010,1431,噃__ ____ ___ ____,male,grad,local,2214,,,,,,
2010,1431,噃__ ____ ___ ____,female,grad,local,1428,,,,,,
2009,1430,,male,undergrad,local,0,,,,,,
2009,1430,,female,undergrad,local,0,,,,,,
2009,1430,____ ____,male,undergrad,local,3369,,,,,,
2009,1430,____ ____,female,undergrad,local,8692,,,,,,
2009,1430,_ __,male,undergrad,local,4688,,,,,,
2009,1430,_ __,female,undergrad,local,2934,,,,,,
2009,1430,_ __,male,undergrad,local,945,,,,,,
2009,1430,_ __,female,undergrad,local,2868,,,,,,
2009,1430,_ʙ,male,undergrad,local,0,,,,,,
2009,1430,_ʙ,female,undergrad,local,1235,,,,,,
2009,1430,____ ___ʙ_,male,undergrad,local,4524,,,,,,
2009,1430,____ ___ʙ_,female,undergrad,local,13693,,,,,,
2009,1430,__ __ș___ ___,male,undergrad,local,1115,,,,,,
2009,1430,__ __ș___ ___,female,undergrad,local,6018,,,,,,
2009,1430,___ ____,male,undergrad,local,656,,,,,,
2009,1430,___ ____,female,undergrad,local,402,,,,,,
2009,1430,___ ___ __,male,undergrad,local,4051,,,,,,
2009,1430,___ ___ __,female,undergrad,local,1919,,,,,,
2009,1430,__ʙ,male,undergrad,local,0,,,,,,
2009,1430,__ʙ,female,undergrad,local,0,,,,,,
2009,1430,_ ____,male,undergrad,local,575,,,,,,
2009,1430,_ ____,female,undergrad,local,2545,,,,,,
2009,1430,__ _______,male,undergrad,local,1393,,,,,,
2009,1430,__ _______,female,undergrad,local,4406,,,,,,
2009,1430,______ ___,male,undergrad,local,886,,,,,,
2009,1430,______ ___,female,undergrad,local,3302,,,,,,
2009,1430,___ș_,male,undergrad,local,1656,,,,,,
2009,1430,___ș_,female,undergrad,local,2428,,,,,,
2009,1430,__ ____ ___,male,undergrad,local,3229,,,,,,
2009,1430,__ ____ ___,female,undergrad,local,0,,,,,,
2009,1430,____ ___ ____,male,undergrad,local,0,,,,,,
2009,1430,____ ___ ____,female,undergrad,local,106,,,,,,
2009,1430,__ ____ __,male,undergrad,local,450,,,,,,
2009,1430,__ ____ __,female,undergrad,local,28,,,,,,
2009,1430,____ ___ _ ___,male,undergrad,local,227,,,,,,
2009,1430,____ ___ _ ___,female,undergrad,local,110,,,,,,
2009,1430,_ ___,male,undergrad,local,100,,,,,,
2009,1430,_ ___,female,undergrad,local,0,,,,,,
2009,1430,__ ,male,undergrad,local,1840,,,,,,
2009,1430,__ ,female,undergrad,local,1515,,,,,,
2009,1430,__ __ș___,male,undergrad,local,0,,,,,,
2009,1430,__ __ș___,female,undergrad,local,293,,,,,,
2009,1430,__ __,male,undergrad,local,0,,,,,,
2009,1430,__ __,female,undergrad,local,0,,,,,,
2009,1430,___ ___,male,undergrad,local,0,,,,,,
2009,1430,___ ___,female,undergrad,local,0,,,,,,
2009,1430,,male,undergrad,local,0,,,,,,
2009,1430,,female,undergrad,local,0,,,,,,
2009,1430,,male,grad,local,0,,,,,,
2009,1430,,female,grad,local,0,,,,,,
2009,1430,____ ____,male,grad,local,547,,,,,,
2009,1430,____ ____,female,grad,local,80,,,,,,
2009,1430,_ __,male,grad,local,7,,,,,,
2009,1430,_ __,female,grad,local,2,,,,,,
2009,1430,_ __,male,grad,local,1123,,,,,,
2009,1430,_ __,female,grad,local,965,,,,,,
2009,1430,_ʙ,male,grad,local,1,,,,,,
2009,1430,_ʙ,female,grad,local,18,,,,,,
2009,1430,____ ___ʙ_,male,grad,local,109,,,,,,
2009,1430,____ ___ʙ_,female,grad,local,150,,,,,,
2009,1430,__ __ș___ ___,male,grad,local,75,,,,,,
2009,1430,__ __ș___ ___,female,grad,local,123,,,,,,
2009,1430,___ ____,male,grad,local,7,,,,,,
2009,1430,___ ____,female,grad,local,5,,,,,,
2009,1430,___ ___ __,male,grad,local,296,,,,,,
2009,1430,___ ___ __,female,grad,local,73,,,,,,
2009,1430,__ʙ,male,grad,local,68,,,,,,
2009,1430,__ʙ,female,grad,local,0,,,,,,
2009,1430,_ ____,male,grad,local,21,,,,,,
2009,1430,_ ____,female,grad,local,55,,,,,,
2009,1430,__ _______,male,grad,local,56,,,,,,
2009,1430,__ _______,female,grad,local,56,,,,,,
2009,1430,______ ___,male,grad,local,7,,,,,,
2009,1430,______ ___,female,grad,local,58,,,,,,
2009,1430,___ș_,male,grad,local,27,,,,,,
2009,1430,___ș_,female,grad,local,26,,,,,,
2009,1430,__ ____ ___,male,grad,local,69,,,,,,
2009,1430,__ ____ ___,female,grad,local,0,,,,,,
2009,1430,____ ___ ____,male,grad,local,0,,,,,,
2009,1430,____ ___ ____,female,grad,local,5,,,,,,
2009,1430,__ ____ __,male,grad,local,25,,,,,,
2009,1430,__ ____ __,female,grad,local,3,,,,,,
2009,1430,____ ___ _ ___,male,grad,local,16,,,,,,
2009,1430,____ ___ _ ___,female,grad,local,0,,,,,,
2009,1430,_ ___,male,grad,local,11,,,,,,
2009,1430,_ ___,female,grad,local,0,,,,,,
2009,1430,__ ,male,grad,local,32,,,,,,
2009,1430,__ ,female,grad,local,62,,,,,,
2009,1430,__ __ș___,male,grad,local,41,,,,,,
2009,1430,__ __ș___,female,grad,local,34,,,,,,
2009,1430,__ __,male,grad,local,0,,,,,,
2009,1430,__ __,female,grad,local,0,,,,,,
2009,1430,___ ___,male,grad,local,15,,,,,,
2009,1430,___ ___,female,grad,local,0,,,,,,
2009,1430,,male,grad,local,0,,,,,,
2009,1430,,female,grad,local,0,,,,,,
2009,1430,_噃__ __,male,grad,local,2553,,,,,,
2009,1430,_噃__ __,female,grad,local,1715,,,,,,
2008,1429,__ _____,male,undergrad,local,787,,,,,,
2008,1429,__ _____,female,undergrad,local,1251,,,,,,
2008,1429,____ ____,male,undergrad,local,2784,,,,,,
2008,1429,____ ____,female,undergrad,local,9140,,,,,,
2008,1429,_ __,male,undergrad,local,1213,,,,,,
2008,1429,_ __,female,undergrad,local,1326,,,,,,
2008,1429,_ __,male,undergrad,local,4390,,,,,,
2008,1429,_ __,female,undergrad,local,10803,,,,,,
2008,1429,_ʙ,male,undergrad,local,83,,,,,,
2008,1429,_ʙ,female,undergrad,local,213,,,,,,
2008,1429,____ ___ʙ_,male,undergrad,local,4093,,,,,,
2008,1429,____ ___ʙ_,female,undergrad,local,11570,,,,,,
2008,1429,__ __ș___ ___,male,undergrad,local,519,,,,,,
2008,1429,__ __ș___ ___,female,undergrad,local,5803,,,,,,
2008,1429,___ ____,male,undergrad,local,403,,,,,,
2008,1429,___ ____,female,undergrad,local,1066,,,,,,
2008,1429,___ ___ __,male,undergrad,local,3024,,,,,,
2008,1429,___ ___ __,female,undergrad,local,2936,,,,,,
2008,1429,__ʙ,male,undergrad,local,0,,,,,,
2008,1429,__ʙ,female,undergrad,local,168,,,,,,
2008,1429,_ ____,male,undergrad,local,1470,,,,,,
2008,1429,_ ____,female,undergrad,local,4085,,,,,,
2008,1429,__ _______,male,undergrad,local,1134,,,,,,
2008,1429,__ _______,female,undergrad,local,3662,,,,,,
2008,1429,______ ___,male,undergrad,local,1078,,,,,,
2008,1429,______ ___,female,undergrad,local,4025,,,,,,
2008,1429,___ș_,male,undergrad,local,1743,,,,,,
2008,1429,___ș_,female,undergrad,local,1725,,,,,,
2008,1429,__ ____ ___,male,undergrad,local,1326,,,,,,
2008,1429,__ ____ ___,female,undergrad,local,0,,,,,,
2008,1429,____ ___ ____,male,undergrad,local,24,,,,,,
2008,1429,____ ___ ____,female,undergrad,local,325,,,,,,
2008,1429,__ ____ __,male,undergrad,local,860,,,,,,
2008,1429,__ ____ __,female,undergrad,local,49,,,,,,
2008,1429,____ ___ _ ___,male,undergrad,local,309,,,,,,
2008,1429,____ ___ _ ___,female,undergrad,local,65,,,,,,
2008,1429,_ ___,male,undergrad,local,55,,,,,,
2008,1429,_ ___,female,undergrad,local,0,,,,,,
2008,1429,__,male,undergrad,local,2062,,,,,,
2008,1429,__,female,undergrad,local,2108,,,,,,
2008,1429,__ __ș___,male,undergrad,local,263,,,,,,
2008,1429,__ __ș___,female,undergrad,local,1044,,,,,,
2008,1429,__ __,male,undergrad,local,15,,,,,,
2008,1429,__ __,female,undergrad,local,0,,,,,,
2008,1429,,male,undergrad,local,9,,,,,,
2008,1429,,female,undergrad,local,0,,,,,,
2008,1429,噃__ ,male,undergrad,local,27644,,,,,,
2008,1429,噃__ ,female,undergrad,local,61364,,,,,,
2008,1429,__ _____,male,grad,local,14,,,,,,
2008,1429,__ _____,female,grad,local,2,,,,,,
2008,1429,____ ____,male,grad,local,349,,,,,,
2008,1429,____ ____,female,grad,local,90,,,,,,
2008,1429,_ __,male,grad,local,0,,,,,,
2008,1429,_ __,female,grad,local,1,,,,,,
2008,1429,_ __,male,grad,local,244,,,,,,
2008,1429,_ __,female,grad,local,99,,,,,,
2008,1429,_ʙ,male,grad,local,19,,,,,,
2008,1429,_ʙ,female,grad,local,2,,,,,,
2008,1429,____ ___ʙ_,male,grad,local,113,,,,,,
2008,1429,____ ___ʙ_,female,grad,local,103,,,,,,
2008,1429,__ __ș___ ___,male,grad,local,112,,,,,,
2008,1429,__ __ș___ ___,female,grad,local,39,,,,,,
2008,1429,___ ____,male,grad,local,71,,,,,,
2008,1429,___ ____,female,grad,local,17,,,,,,
2008,1429,___ ___ __,male,grad,local,195,,,,,,
2008,1429,___ ___ __,female,grad,local,70,,,,,,
2008,1429,__ʙ,male,grad,local,0,,,,,,
2008,1429,__ʙ,female,grad,local,0,,,,,,
2008,1429,_ ____,male,grad,local,76,,,,,,
2008,1429,_ ____,female,grad,local,39,,,,,,
2008,1429,__ _______,male,grad,local,29,,,,,,
2008,1429,__ _______,female,grad,local,16,,,,,,
2008,1429,______ ___,male,grad,local,21,,,,,,
2008,1429,______ ___,female,grad,local,22,,,,,,
2008,1429,___ș_,male,grad,local,29,,,,,,
2008,1429,___ș_,female,grad,local,7,,,,,,
2008,1429,__ ____ ___,male,grad,local,106,,,,,,
2008,1429,__ ____ ___,female,grad,local,0,,,,,,
2008,1429,__ ____ __,male,grad,local,40,,,,,,
2008,1429,__ ____ __,female,grad,local,0,,,,,,
2008,1429,____ ___ _ ___,male,grad,local,25,,,,,,
2008,1429,____ ___ _ ___,female,grad,local,2,,,,,,
2008,1429,__,male,grad,local,90,,,,,,
2008,1429,__,female,grad,local,51,,,,,,
2008,1429,__ __ș___,male,grad,local,10,,,,,,
2008,1429,__ __ș___,female,grad,local,25,,,,,,
2008,1429,_噃_ ,male,grad,local,1245,,,,,,
2008,1429,_噃_ ,female,grad,local,480,,,,,,
2007,1428,__ _____,male,undergrad,local,679,,,,,,
2007,1428,__ _____,female,undergrad,local,1140,,,,,,
2007,1428,____ ____,male,undergrad,local,2411,,,,,,
2007,1428,____ ____,female,undergrad,local,8399,,,,,,
2007,1428,_ __,male,undergrad,local,1052,,,,,,
2007,1428,_ __,female,undergrad,local,1243,,,,,,
2007,1428,_ __,male,undergrad,local,3773,,,,,,
2007,1428,_ __,female,undergrad,local,9680,,,,,,
2007,1428,_ʙ,male,undergrad,local,72,,,,,,
2007,1428,_ʙ,female,undergrad,local,201,,,,,,
2007,1428,____ ___ʙ_,male,undergrad,local,3525,,,,,,
2007,1428,____ ___ʙ_,female,undergrad,local,10550,,,,,,
2007,1428,__ __ș___ ___,male,undergrad,local,450,,,,,,
2007,1428,__ __ș___ ___,female,undergrad,local,5414,,,,,,
2007,1428,___ ____,male,undergrad,local,349,,,,,,
2007,1428,___ ____,female,undergrad,local,950,,,,,,
2007,1428,___ ___ __,male,undergrad,local,2595,,,,,,
2007,1428,___ ___ __,female,undergrad,local,2474,,,,,,
2007,1428,__ʙ,male,undergrad,local,0,,,,,,
2007,1428,__ʙ,female,undergrad,local,158,,,,,,
2007,1428,_ ____,male,undergrad,local,1274,,,,,,
2007,1428,_ ____,female,undergrad,local,3848,,,,,,
2007,1428,__ _______,male,undergrad,local,983,,,,,,
2007,1428,__ _______,female,undergrad,local,3450,,,,,,
2007,1428,______ ___,male,undergrad,local,935,,,,,,
2007,1428,______ ___,female,undergrad,local,3787,,,,,,
2007,1428,___ș_,male,undergrad,local,1510,,,,,,
2007,1428,___ș_,female,undergrad,local,1625,,,,,,
2007,1428,__ ____ ___,male,undergrad,local,1150,,,,,,
2007,1428,__ ____ ___,female,undergrad,local,0,,,,,,
2007,1428,____ ___ ____,male,undergrad,local,21,,,,,,
2007,1428,____ ___ ____,female,undergrad,local,306,,,,,,
2007,1428,__ ____ __,male,undergrad,local,746,,,,,,
2007,1428,__ ____ __,female,undergrad,local,46,,,,,,
2007,1428,____ ___ _ ___,male,undergrad,local,268,,,,,,
2007,1428,____ ___ _ ___,female,undergrad,local,61,,,,,,
2007,1428,_ ___,male,undergrad,local,48,,,,,,
2007,1428,_ ___,female,undergrad,local,0,,,,,,
2007,1428,__,male,undergrad,local,1786,,,,,,
2007,1428,__,female,undergrad,local,1986,,,,,,
2007,1428,__ __ș___,male,undergrad,local,228,,,,,,
2007,1428,__ __ș___,female,undergrad,local,984,,,,,,
2007,1428,__ __,male,undergrad,local,13,,,,,,
2007,1428,__ __,female,undergrad,local,0,,,,,,
2007,1428,,male,undergrad,local,8,,,,,,
2007,1428,,female,undergrad,local,0,,,,,,
2007,1428,噃__ ,male,undergrad,local,23876,,,,,,
2007,1428,噃__ ,female,undergrad,local,56302,,,,,,
2007,1428,__ _____,male,grad,local,11,,,,,,
2007,1428,__ _____,female,grad,local,3,,,,,,
2007,1428,____ ____,male,grad,local,323,,,,,,
2007,1428,____ ____,female,grad,local,101,,,,,,
2007,1428,_ __,male,grad,local,0,,,,,,
2007,1428,_ __,female,grad,local,1,,,,,,
2007,1428,_ __,male,grad,local,228,,,,,,
2007,1428,_ __,female,grad,local,110,,,,,,
2007,1428,_ʙ,male,grad,local,18,,,,,,
2007,1428,_ʙ,female,grad,local,3,,,,,,
2007,1428,____ ___ʙ_,male,grad,local,98,,,,,,
2007,1428,____ ___ʙ_,female,grad,local,109,,,,,,
2007,1428,__ __ș___ ___,male,grad,local,102,,,,,,
2007,1428,__ __ș___ ___,female,grad,local,43,,,,,,
2007,1428,___ ____,male,grad,local,65,,,,,,
2007,1428,___ ____,female,grad,local,18,,,,,,
2007,1428,___ ___ __,male,grad,local,190,,,,,,
2007,1428,___ ___ __,female,grad,local,84,,,,,,
2007,1428,__ʙ,male,grad,local,0,,,,,,
2007,1428,__ʙ,female,grad,local,0,,,,,,
2007,1428,_ ____,male,grad,local,70,,,,,,
2007,1428,_ ____,female,grad,local,45,,,,,,
2007,1428,__ _______,male,grad,local,28,,,,,,
2007,1428,__ _______,female,grad,local,18,,,,,,
2007,1428,______ ___,male,grad,local,20,,,,,,
2007,1428,______ ___,female,grad,local,25,,,,,,
2007,1428,___ș_,male,grad,local,28,,,,,,
2007,1428,___ș_,female,grad,local,8,,,,,,
2007,1428,__ ____ ___,male,grad,local,100,,,,,,
2007,1428,__ ____ ___,female,grad,local,0,,,,,,
2007,1428,__ ____ __,male,grad,local,39,,,,,,
2007,1428,__ ____ __,female,grad,local,0,,,,,,
2007,1428,____ ___ _ ___,male,grad,local,26,,,,,,
2007,1428,____ ___ _ ___,female,grad,local,2,,,,,,
2007,1428,__,male,grad,local,87,,,,,,
2007,1428,__,female,grad,local,56,,,,,,
2007,1428,__ __ș___,male,grad,local,10,,,,,,
2007,1428,__ __ș___,female,grad,local,26,,,,,,
2007,1428,_噃_ ,male,grad,local,1210,,,,,,
2007,1428,_噃_ ,female,grad,local,5732006,1427,㯬ɯ 㯱____,male,undergrad,local,1545
2006,1427,㯬ɯ 㯱____,female,undergrad,local,907,,,,,,
2006,1427,_ 㯴_㯤_,male,undergrad,local,2815,,,,,,
2006,1427,_ 㯴_㯤_,female,undergrad,local,8442,,,,,,
2006,1427,_ ɯ__,male,undergrad,local,457,,,,,,
2006,1427,_ ɯ__,female,undergrad,local,399,,,,,,
2006,1427,_ 㯻_,male,undergrad,local,1238,,,,,,
2006,1427,_ 㯻_,female,undergrad,local,2634,,,,,,
2006,1427,,male,undergrad,local,99,,,,,,
2006,1427,,female,undergrad,local,641,,,,,,
2006,1427,_ 㯴__,male,undergrad,local,5136,,,,,,
2006,1427,_ 㯴__,female,undergrad,local,13895,,,,,,
2006,1427,_ 㯤¯ɯ__ __,male,undergrad,local,706,,,,,,
2006,1427,_ 㯤¯ɯ__ __,female,undergrad,local,6563,,,,,,
2006,1427,㯵_􁯩 㯤_㯤,male,undergrad,local,379,,,,,,
2006,1427,㯵_􁯩 㯤_㯤,female,undergrad,local,1074,,,,,,
2006,1427,㯣_ɯ 㯻¯_ 㯴,male,undergrad,local,2535,,,,,,
2006,1427,㯣_ɯ 㯻¯_ 㯴,female,undergrad,local,2028,,,,,,
2006,1427,_ __,male,undergrad,local,1179,,,,,,
2006,1427,_ __,female,undergrad,local,3326,,,,,,
2006,1427,_ _____,male,undergrad,local,392,,,,,,
2006,1427,_ _____,female,undergrad,local,3434,,,,,,
2006,1427,㯱__ 㯴_,male,undergrad,local,1491,,,,,,
2006,1427,㯱__ 㯴_,female,undergrad,local,3908,,,,,,
2006,1427,ɯ_ɯ_,male,undergrad,local,1661,,,,,,
2006,1427,ɯ_ɯ_,female,undergrad,local,1005,,,,,,
2006,1427,_ 㯵_ __,male,undergrad,local,1287,,,,,,
2006,1427,_ 㯵_ __,female,undergrad,local,0,,,,,,
2006,1427,㯵_ 㯴_ 㯻___,male,undergrad,local,0,,,,,,
2006,1427,㯵_ 㯴_ 㯻___,female,undergrad,local,217,,,,,,
2006,1427,_ ɯ_ɯ_ 㯬,male,undergrad,local,563,,,,,,
2006,1427,_ ɯ_ɯ_ 㯬,female,undergrad,local,22,,,,,,
2006,1427,__ _¯ _ 㯣_ɯ,male,undergrad,local,81,,,,,,
2006,1427,__ _¯ _ 㯣_ɯ,female,undergrad,local,221,,,,,,
2006,1427,ᯬ 㯬_ᯱ_,male,undergrad,local,58,,,,,,
2006,1427,ᯬ 㯬_ᯱ_,female,undergrad,local,0,,,,,,
2006,1427,㯵_,male,undergrad,local,1314,,,,,,
2006,1427,㯵_,female,undergrad,local,1487,,,,,,
2006,1427,㯨ɯ 㯤¯ɯ__,male,undergrad,local,126,,,,,,
2006,1427,㯨ɯ 㯤¯ɯ__,female,undergrad,local,999,,,,,,
2006,1427,_ɯ_ 㯬__,male,undergrad,local,2,,,,,,
2006,1427,_ɯ_ 㯬__,female,undergrad,local,0,,,,,,
2006,1427,,male,undergrad,local,44,,,,,,
2006,1427,,female,undergrad,local,87,,,,,,
2006,1427,ɯ_ ,male,undergrad,local,23108,,,,,,
2006,1427,ɯ_ ,female,undergrad,local,51289,,,,,,
2006,1427,㯬ɯ 㯱____,male,grad,local,41,,,,,,
2006,1427,㯬ɯ 㯱____,female,grad,local,11,,,,,,
2006,1427,_ 㯴_㯤_,male,grad,local,202,,,,,,
2006,1427,_ 㯴_㯤_,female,grad,local,51,,,,,,
2006,1427,_ ɯ__,male,grad,local,0,,,,,,
2006,1427,_ ɯ__,female,grad,local,1,,,,,,
2006,1427,_ 㯻_,male,grad,local,243,,,,,,
2006,1427,_ 㯻_,female,grad,local,108,,,,,,
2006,1427,,male,grad,local,5,,,,,,
2006,1427,,female,grad,local,14,,,,,,
2006,1427,_ 㯴__,male,grad,local,228,,,,,,
2006,1427,_ 㯴__,female,grad,local,71,,,,,,
2006,1427,_ 㯤¯ɯ__ __,male,grad,local,20,,,,,,
2006,1427,_ 㯤¯ɯ__ __,female,grad,local,37,,,,,,
2006,1427,㯵_􁯩 㯤_㯤,male,grad,local,29,,,,,,
2006,1427,㯵_􁯩 㯤_㯤,female,grad,local,11,,,,,,
2006,1427,㯣_ɯ 㯻¯_ 㯴,male,grad,local,102,,,,,,
2006,1427,㯣_ɯ 㯻¯_ 㯴,female,grad,local,44,,,,,,
2006,1427,⯤,male,grad,local,0,,,,,,
2006,1427,⯤,female,grad,local,0,,,,,,
2006,1427,_ __,male,grad,local,19,,,,,,
2006,1427,_ __,female,grad,local,39,,,,,,
2006,1427,_ _____,male,grad,local,29,,,,,,
2006,1427,_ _____,female,grad,local,39,,,,,,
2006,1427,㯱__ 㯴_,male,grad,local,12,,,,,,
2006,1427,㯱__ 㯴_,female,grad,local,34,,,,,,
2006,1427,ɯ_ɯ_,male,grad,local,16,,,,,,
2006,1427,ɯ_ɯ_,female,grad,local,5,,,,,,
2006,1427,_ 㯵_ __,male,grad,local,41,,,,,,
2006,1427,_ 㯵_ __,female,grad,local,0,,,,,,
2006,1427,㯵_ 㯴_ 㯻___,male,grad,local,0,,,,,,
2006,1427,㯵_ 㯴_ 㯻___,female,grad,local,4,,,,,,
2006,1427,_ ɯ_ɯ_ 㯬,male,grad,local,22,,,,,,
2006,1427,_ ɯ_ɯ_ 㯬,female,grad,local,0,,,,,,
2006,1427,__ _¯ _ 㯣_ɯ,male,grad,local,10,,,,,,
2006,1427,__ _¯ _ 㯣_ɯ,female,grad,local,0,,,,,,
2006,1427,ᯬ 㯬_ᯱ_,male,grad,local,1,,,,,,
2006,1427,ᯬ 㯬_ᯱ_,female,grad,local,0,,,,,,
2006,1427,㯵_,male,grad,local,30,,,,,,
2006,1427,㯵_,female,grad,local,49,,,,,,
2006,1427,㯨ɯ 㯤¯ɯ__,male,grad,local,6,,,,,,
2006,1427,㯨ɯ 㯤¯ɯ__,female,grad,local,16,,,,,,
2006,1427,,male,grad,local,5,,,,,,
2006,1427,,female,grad,local,11,,,,,,
2006,1427,ɯ_ ,male,grad,local,1061,,,,,,
2006,1427,ɯ_ ,female,grad,local,545,,,,,,